<?xml version="1.0" encoding="UTF-8"?>
<project-private xmlns="http://www.netbeans.org/ns/project-private/1">
    <editor-bookmarks xmlns="http://www.netbeans.org/ns/editor-bookmarks/2" lastBookmarkId="0"/>
    <open-files xmlns="http://www.netbeans.org/ns/projectui-open-files/2">
        <group>
            <file>file:/C:/xampp/htdocs/Vimoda/Proyecto/app/views/inicio.blade.php</file>
            <file>file:/C:/xampp/htdocs/Vimoda/Proyecto/app/controllers/HomeController.php</file>
            <file>file:/C:/xampp/htdocs/Vimoda/Proyecto/app/views/damas.blade.php</file>
            <file>file:/C:/xampp/htdocs/Vimoda/Proyecto/app/views/producto.blade.php</file>
            <file>file:/C:/xampp/htdocs/Vimoda/Proyecto/public/css/style.css</file>
            <file>file:/C:/xampp/htdocs/Vimoda/Proyecto/app/routes.php</file>
            <file>file:/C:/xampp/htdocs/Vimoda/Proyecto/app/views/layouts/principal.blade.php</file>
            <file>file:/C:/xampp/htdocs/Vimoda/Proyecto/public/js/myscript.js</file>
        </group>
    </open-files>
</project-private>
